country,date,total vaccinated,1st dose,2nd dose
Afghanistan,22-02-2021,0,0,0
Afghanistan,23-02-2021,0,0,0
Afghanistan,24-02-2021,0,0,0
Afghanistan,25-02-2021,0,0,0
Afghanistan,26-02-2021,0,0,0
Afghanistan,27-02-2021,0,0,0
Afghanistan,28-02-2021,8200,8200,0
Afghanistan,01-03-2021,0,0,0
Afghanistan,02-03-2021,0,0,0
Afghanistan,03-03-2021,0,0,0
Afghanistan,04-03-2021,0,0,0
Afghanistan,05-03-2021,0,0,0
Afghanistan,06-03-2021,0,0,0
Afghanistan,07-03-2021,0,0,0
Afghanistan,08-03-2021,0,0,0
Afghanistan,09-03-2021,0,0,0
Afghanistan,10-03-2021,0,0,0
Afghanistan,11-03-2021,0,0,0
Afghanistan,12-03-2021,0,0,0
Afghanistan,13-03-2021,0,0,0
Afghanistan,14-03-2021,0,0,0
Afghanistan,15-03-2021,0,0,0
Afghanistan,16-03-2021,54000,54000,0
Afghanistan,17-03-2021,0,0,0
Afghanistan,18-03-2021,0,0,0
Afghanistan,19-03-2021,0,0,0
Afghanistan,20-03-2021,0,0,0
Afghanistan,21-03-2021,0,0,0
Afghanistan,22-03-2021,0,0,0
Afghanistan,23-03-2021,0,0,0
Afghanistan,24-03-2021,0,0,0
Afghanistan,25-03-2021,0,0,0
Afghanistan,26-03-2021,0,0,0
Afghanistan,27-03-2021,0,0,0
Afghanistan,28-03-2021,0,0,0
Afghanistan,29-03-2021,0,0,0
Afghanistan,30-03-2021,0,0,0
Afghanistan,31-03-2021,0,0,0
Afghanistan,01-04-2021,0,0,0
Afghanistan,02-04-2021,0,0,0
Afghanistan,03-04-2021,0,0,0
Afghanistan,04-04-2021,0,0,0
Afghanistan,05-04-2021,0,0,0
Afghanistan,06-04-2021,0,0,0
Afghanistan,07-04-2021,120000,120000,0
Afghanistan,08-04-2021,0,0,0
Afghanistan,09-04-2021,0,0,0
Afghanistan,10-04-2021,0,0,0
Afghanistan,11-04-2021,0,0,0
Afghanistan,12-04-2021,0,0,0
Afghanistan,13-04-2021,0,0,0
Afghanistan,14-04-2021,0,0,0
Afghanistan,15-04-2021,0,0,0
Afghanistan,16-04-2021,0,0,0
Afghanistan,17-04-2021,0,0,0
Afghanistan,18-04-2021,0,0,0
Afghanistan,19-04-2021,0,0,0
Afghanistan,20-04-2021,0,0,0
Afghanistan,21-04-2021,0,0,0
Afghanistan,22-04-2021,240000,240000,0
Afghanistan,23-04-2021,0,0,0
Afghanistan,24-04-2021,0,0,0
Afghanistan,25-04-2021,0,0,0
Afghanistan,26-04-2021,0,0,0
Afghanistan,27-04-2021,0,0,0
Afghanistan,28-04-2021,0,0,0
Afghanistan,29-04-2021,0,0,0
Afghanistan,30-04-2021,0,0,0
Afghanistan,01-05-2021,0,0,0
Afghanistan,02-05-2021,0,0,0
Afghanistan,03-05-2021,0,0,0
Afghanistan,04-05-2021,0,0,0
Afghanistan,05-05-2021,0,0,0
Afghanistan,06-05-2021,0,0,0
Afghanistan,07-05-2021,0,0,0
Afghanistan,08-05-2021,0,0,0
Afghanistan,09-05-2021,0,0,0
Afghanistan,10-05-2021,0,0,0
Afghanistan,11-05-2021,504502,448878,55624
Afghanistan,12-05-2021,0,0,0
Afghanistan,13-05-2021,0,0,0
Afghanistan,14-05-2021,0,0,0
Afghanistan,15-05-2021,0,0,0
Afghanistan,16-05-2021,0,0,0
Afghanistan,17-05-2021,0,0,0
Afghanistan,18-05-2021,0,0,0
Afghanistan,19-05-2021,0,0,0
Afghanistan,20-05-2021,547901,470341,77560
Afghanistan,21-05-2021,0,0,0
Afghanistan,22-05-2021,0,0,0
Afghanistan,23-05-2021,0,0,0
Afghanistan,24-05-2021,573277,476367,96910
Afghanistan,25-05-2021,0,0,0
Afghanistan,26-05-2021,590454,479372,111082
Afghanistan,27-05-2021,593313,479574,113739
Afghanistan,28-05-2021,0,0,0
Afghanistan,29-05-2021,0,0,0
Afghanistan,30-05-2021,600152,480226,119926
Afghanistan,31-05-2021,0,0,0
Afghanistan,01-06-2021,0,0,0
Afghanistan,02-06-2021,626290,481690,144600
Afghanistan,03-06-2021,630305,481800,148505
Afghanistan,04-06-2021,0,0,0
Afghanistan,05-06-2021,0,0,0
Afghanistan,06-06-2021,0,0,0
Afghanistan,07-06-2021,0,0,0
Afghanistan,08-06-2021,641295,482952,158343
Afghanistan,09-06-2021,0,0,0
Afghanistan,10-06-2021,0,0,0
Afghanistan,11-06-2021,0,0,0
Afghanistan,12-06-2021,0,0,0
Afghanistan,13-06-2021,0,0,0
Afghanistan,14-06-2021,662003,484737,177266
Afghanistan,15-06-2021,0,0,0
Afghanistan,16-06-2021,0,0,0
Afghanistan,17-06-2021,0,0,0
Afghanistan,18-06-2021,0,0,0
Afghanistan,19-06-2021,0,0,0
Afghanistan,20-06-2021,0,0,0
Afghanistan,21-06-2021,0,0,0
Afghanistan,22-06-2021,765890,582128,183762
Afghanistan,23-06-2021,0,0,0
Afghanistan,24-06-2021,0,0,0
Afghanistan,25-06-2021,0,0,0
Afghanistan,26-06-2021,0,0,0
Afghanistan,27-06-2021,835694,649434,186260
Afghanistan,28-06-2021,0,0,0
Afghanistan,29-06-2021,0,0,0
Afghanistan,30-06-2021,886854,699200,187654
Afghanistan,01-07-2021,0,0,0
Afghanistan,02-07-2021,0,0,0
Afghanistan,03-07-2021,0,0,0
Afghanistan,04-07-2021,0,0,0
Afghanistan,05-07-2021,915671,726349,189322
Afghanistan,06-07-2021,0,0,0
Afghanistan,07-07-2021,934463,735213,199250
Afghanistan,08-07-2021,0,0,0
Afghanistan,09-07-2021,0,0,0
Afghanistan,10-07-2021,0,0,0
Afghanistan,11-07-2021,962093,742934,219159
Afghanistan,12-07-2021,0,0,0
Afghanistan,13-07-2021,0,0,0
Afghanistan,14-07-2021,0,0,0
Afghanistan,15-07-2021,0,0,0
Afghanistan,16-07-2021,0,0,0
Afghanistan,17-07-2021,0,0,0
Afghanistan,18-07-2021,0,0,0
Afghanistan,19-07-2021,0,0,0
Afghanistan,20-07-2021,0,0,0
Afghanistan,21-07-2021,0,0,0
Afghanistan,22-07-2021,0,0,0
Afghanistan,23-07-2021,0,0,0
Afghanistan,24-07-2021,0,0,0
Afghanistan,25-07-2021,0,0,0
Afghanistan,26-07-2021,0,0,0
Afghanistan,27-07-2021,0,0,0
Afghanistan,28-07-2021,0,0,0
Afghanistan,29-07-2021,0,0,0
Afghanistan,30-07-2021,0,0,0
Afghanistan,31-07-2021,0,0,0
Afghanistan,01-08-2021,0,0,0
Afghanistan,02-08-2021,0,0,0
Afghanistan,03-08-2021,0,0,0
Afghanistan,04-08-2021,0,0,0
Afghanistan,05-08-2021,0,0,0
Afghanistan,06-08-2021,0,0,0
Afghanistan,07-08-2021,0,0,0
Afghanistan,08-08-2021,0,0,0
Afghanistan,09-08-2021,0,0,0
Afghanistan,10-08-2021,0,0,0
Afghanistan,11-08-2021,0,0,0
Afghanistan,12-08-2021,0,0,0
Afghanistan,13-08-2021,0,0,0
Afghanistan,14-08-2021,0,0,0
Afghanistan,15-08-2021,0,0,0
Afghanistan,16-08-2021,0,0,0
Afghanistan,17-08-2021,0,0,0
Afghanistan,18-08-2021,0,0,0
Afghanistan,19-08-2021,0,0,0
Afghanistan,20-08-2021,1201286,770542,430744
Afghanistan,21-08-2021,0,0,0
Afghanistan,22-08-2021,0,0,0
Afghanistan,23-08-2021,0,0,0
Afghanistan,24-08-2021,0,0,0
Afghanistan,25-08-2021,0,0,0
Afghanistan,26-08-2021,0,0,0
Afghanistan,27-08-2021,0,0,0
Afghanistan,28-08-2021,0,0,0
Afghanistan,29-08-2021,0,0,0
Afghanistan,30-08-2021,0,0,0
Afghanistan,31-08-2021,773002,773002,0
Afghanistan,01-09-2021,0,0,0
Afghanistan,02-09-2021,0,0,0
Afghanistan,03-09-2021,0,0,0
Afghanistan,04-09-2021,0,0,0
Afghanistan,05-09-2021,0,0,0
Afghanistan,06-09-2021,0,0,0
Afghanistan,07-09-2021,0,0,0
Afghanistan,08-09-2021,0,0,0
Afghanistan,09-09-2021,0,0,0
Afghanistan,10-09-2021,0,0,0
Afghanistan,11-09-2021,0,0,0
Afghanistan,12-09-2021,0,0,0
Afghanistan,13-09-2021,0,0,0
Afghanistan,14-09-2021,0,0,0
Afghanistan,15-09-2021,0,0,0
Afghanistan,16-09-2021,0,0,0
Afghanistan,17-09-2021,0,0,0
Afghanistan,18-09-2021,0,0,0
Afghanistan,19-09-2021,0,0,0
Afghanistan,20-09-2021,0,0,0
Afghanistan,21-09-2021,0,0,0
Afghanistan,22-09-2021,0,0,0
Afghanistan,23-09-2021,0,0,0
Afghanistan,24-09-2021,0,0,0
Afghanistan,25-09-2021,0,0,0
Afghanistan,26-09-2021,0,0,0
Afghanistan,27-09-2021,0,0,0
Afghanistan,28-09-2021,0,0,0
Afghanistan,29-09-2021,0,0,0
Afghanistan,30-09-2021,828601,828601,0
Canada,15-12-2020,727,727,0
Canada,16-12-2020,3015,3015,0
Canada,17-12-2020,7266,7266,0
Canada,18-12-2020,11274,11274,0
Canada,19-12-2020,12039,12039,0
Canada,20-12-2020,12898,12898,0
Canada,21-12-2020,21039,21039,0
Canada,22-12-2020,26820,26820,0
Canada,23-12-2020,35494,35494,0
Canada,24-12-2020,45689,45689,0
Canada,25-12-2020,48734,48734,0
Canada,26-12-2020,48747,48747,0
Canada,27-12-2020,52356,52356,0
Canada,28-12-2020,58973,58973,0
Canada,29-12-2020,72285,72284,1
Canada,30-12-2020,85673,85672,1
Canada,31-12-2020,98642,98641,1
Canada,01-01-2021,105251,105250,1
Canada,02-01-2021,109919,109918,1
Canada,03-01-2021,115118,115117,1
Canada,04-01-2021,138715,138714,1
Canada,05-01-2021,156519,156516,3
Canada,06-01-2021,184594,184152,442
Canada,07-01-2021,221693,220572,1121
Canada,08-01-2021,263506,261416,2090
Canada,09-01-2021,299689,296654,3035
Canada,10-01-2021,323084,320037,3047
Canada,11-01-2021,361351,358297,3054
Canada,12-01-2021,391300,386991,4309
Canada,13-01-2021,422378,409143,13235
Canada,14-01-2021,463737,447920,15817
Canada,15-01-2021,512751,493404,19347
Canada,16-01-2021,549131,528606,20525
Canada,17-01-2021,576499,554720,21779
Canada,18-01-2021,620797,598277,22520
Canada,19-01-2021,660191,635430,24761
Canada,20-01-2021,703317,665861,37456
Canada,21-01-2021,746078,702389,43689
Canada,22-01-2021,783940,733927,50013
Canada,23-01-2021,811208,756819,54389
Canada,24-01-2021,826559,769521,57038
Canada,25-01-2021,850271,784999,65272
Canada,26-01-2021,879341,805867,73474
Canada,27-01-2021,902330,819315,83015
Canada,28-01-2021,927378,834461,92917
Canada,29-01-2021,949192,846851,102341
Canada,30-01-2021,964711,853872,110839
Canada,31-01-2021,970444,857054,113390
Canada,01-02-2021,0,0,0
Canada,02-02-2021,0,0,0
Canada,03-02-2021,0,0,0
Canada,04-02-2021,0,0,0
Canada,05-02-2021,0,0,0
Canada,06-02-2021,0,0,0
Canada,07-02-2021,0,0,0
Canada,08-02-2021,0,0,0
Canada,09-02-2021,0,0,0
Canada,10-02-2021,0,0,0
Canada,11-02-2021,0,0,0
Canada,12-02-2021,0,0,0
Canada,13-02-2021,0,0,0
Canada,14-02-2021,1292105,984385,307715
Canada,15-02-2021,1302128,986092,316031
Canada,16-02-2021,1328817,994805,334007
Canada,17-02-2021,1349676,999755,349916
Canada,18-02-2021,1377335,1007455,369875
Canada,19-02-2021,1428021,1033295,394719
Canada,20-02-2021,1479005,1067185,411809
Canada,21-02-2021,1520995,1096034,424949
Canada,22-02-2021,1583177,1126046,457118
Canada,23-02-2021,1631870,1156265,475592
Canada,24-02-2021,1678242,1188101,490128
Canada,25-02-2021,1737343,1230155,507175
Canada,26-02-2021,1805961,1285399,520549
Canada,27-02-2021,1867737,1339178,528546
Canada,28-02-2021,1913902,1379956,533933
Canada,01-03-2021,1973542,1426246,547283
Canada,02-03-2021,2048089,1490672,557404
Canada,03-03-2021,2122676,1558740,563923
Canada,04-03-2021,2201875,1633175,568687
Canada,05-03-2021,2287771,1715788,571970
Canada,06-03-2021,0,0,0
Canada,07-03-2021,0,0,0
Canada,08-03-2021,0,0,0
Canada,09-03-2021,0,0,0
Canada,10-03-2021,0,0,0
Canada,11-03-2021,0,0,0
Canada,12-03-2021,0,0,0
Canada,13-03-2021,0,0,0
Canada,14-03-2021,0,0,0
Canada,15-03-2021,0,0,0
Canada,16-03-2021,0,0,0
Canada,17-03-2021,0,0,0
Canada,18-03-2021,0,0,0
Canada,19-03-2021,0,0,0
Canada,20-03-2021,0,0,0
Canada,21-03-2021,0,0,0
Canada,22-03-2021,0,0,0
Canada,23-03-2021,0,0,0
Canada,24-03-2021,4442491,3783990,658479
Canada,25-03-2021,4633598,3968229,665347
Canada,26-03-2021,4851280,4177350,673908
Canada,27-03-2021,5018687,4339047,679617
Canada,28-03-2021,5165739,4481909,683807
Canada,29-03-2021,5353703,4664098,689582
Canada,30-03-2021,0,0,0
Canada,31-03-2021,0,0,0
Canada,01-04-2021,0,0,0
Canada,02-04-2021,0,0,0
Canada,03-04-2021,0,0,0
Canada,04-04-2021,0,0,0
Canada,05-04-2021,0,0,0
Canada,06-04-2021,0,0,0
Canada,07-04-2021,0,0,0
Canada,08-04-2021,0,0,0
Canada,09-04-2021,0,0,0
Canada,10-04-2021,0,0,0
Canada,11-04-2021,0,0,0
Canada,12-04-2021,0,0,0
Canada,13-04-2021,0,0,0
Canada,14-04-2021,0,0,0
Canada,15-04-2021,0,0,0
Canada,16-04-2021,0,0,0
Canada,17-04-2021,0,0,0
Canada,18-04-2021,10056228,9122896,933298
Canada,19-04-2021,10319495,9365821,953638
Canada,20-04-2021,10558907,9593368,965502
Canada,21-04-2021,10877409,9898441,978928
Canada,22-04-2021,11242188,10245454,996692
Canada,23-04-2021,11612093,10596224,1015821
Canada,24-04-2021,11901412,10869758,1031604
Canada,25-04-2021,12133776,11092351,1041374
Canada,26-04-2021,12396662,11346234,1050374
Canada,27-04-2021,12656517,11586108,1070352
Canada,28-04-2021,12921655,11835697,1085897
Canada,29-04-2021,13227234,12120513,1106658
Canada,30-04-2021,13516909,12392110,1124733
Canada,01-05-2021,13751099,12607059,1143968
Canada,02-05-2021,13924990,12769697,1155217
Canada,03-05-2021,14152017,12988078,1163861
Canada,04-05-2021,14386201,13202430,1183687
Canada,05-05-2021,14671961,13469755,1202117
Canada,06-05-2021,15030533,13805835,1224602
Canada,07-05-2021,15433970,14184028,1249838
Canada,08-05-2021,15763274,14493113,1270055
Canada,09-05-2021,16036121,14757953,1278058
Canada,10-05-2021,16371292,15074876,1296305
Canada,11-05-2021,16672020,15356349,1315555
Canada,12-05-2021,17021544,15681892,1339534
Canada,13-05-2021,17417634,16049100,1368412
Canada,14-05-2021,17857144,16453589,1403430
Canada,15-05-2021,18222984,16794181,1428668
Canada,16-05-2021,18541034,17096920,1443979
Canada,17-05-2021,18932745,17474089,1458519
Canada,18-05-2021,19217506,17731214,1486150
Canada,19-05-2021,19574466,18052377,1521942
Canada,20-05-2021,19973272,18407617,1565502
Canada,21-05-2021,20463735,18845445,1618125
Canada,22-05-2021,20855100,19187038,1667892
Canada,23-05-2021,21165100,19473202,1691727
Canada,24-05-2021,0,0,0
Canada,25-05-2021,0,0,0
Canada,26-05-2021,0,0,0
Canada,27-05-2021,0,0,0
Canada,28-05-2021,0,0,0
Canada,29-05-2021,0,0,0
Canada,30-05-2021,0,0,0
Canada,31-05-2021,0,0,0
Canada,01-06-2021,0,0,0
Canada,02-06-2021,0,0,0
Canada,03-06-2021,0,0,0
Canada,04-06-2021,0,0,0
Canada,05-06-2021,0,0,0
Canada,06-06-2021,0,0,0
Canada,07-06-2021,26664572,23619656,3044579
Canada,08-06-2021,27018743,23784035,3234358
Canada,09-06-2021,27422573,23948572,3473639
Canada,10-06-2021,27899263,24125211,3773667
Canada,11-06-2021,28400598,24297689,4102506
Canada,12-06-2021,28821802,24426980,4394390
Canada,13-06-2021,29199323,24543025,4655841
Canada,14-06-2021,29646888,24673252,4973148
Canada,15-06-2021,30095923,24791223,5304180
Canada,16-06-2021,30559821,24889200,5670070
Canada,17-06-2021,31066440,24992729,6073129
Canada,18-06-2021,31600396,25089351,6510431
Canada,19-06-2021,32022400,25156512,6865213
Canada,20-06-2021,32372850,25216945,7155212
Canada,21-06-2021,32778630,25296940,7480981
Canada,22-06-2021,0,0,0
Canada,23-06-2021,0,0,0
Canada,24-06-2021,0,0,0
Canada,25-06-2021,0,0,0
Canada,26-06-2021,0,0,0
Canada,27-06-2021,0,0,0
Canada,28-06-2021,0,0,0
Canada,29-06-2021,36967973,25771967,11194992
Canada,30-06-2021,37576729,25827329,11748333
Canada,01-07-2021,38011337,25863831,12146332
Canada,02-07-2021,38610015,25924632,12684145
Canada,03-07-2021,38968880,25954588,13012992
Canada,04-07-2021,39290383,25984973,13304069
Canada,05-07-2021,0,0,0
Canada,06-07-2021,0,0,0
Canada,07-07-2021,0,0,0
Canada,08-07-2021,41505359,26190050,15312710
Canada,09-07-2021,42052006,26241593,15807753
Canada,10-07-2021,0,0,0
Canada,11-07-2021,42704289,26302891,16398633
Canada,12-07-2021,43208990,26356587,16849608
Canada,13-07-2021,43624389,26394463,17227087
Canada,14-07-2021,0,0,0
Canada,15-07-2021,0,0,0
Canada,16-07-2021,44921492,26530194,18388275
Canada,17-07-2021,45223243,26562758,18657411
Canada,18-07-2021,45449075,26586788,18859170
Canada,19-07-2021,45875813,26629900,19242782
Canada,20-07-2021,0,0,0
Canada,21-07-2021,0,0,0
Canada,22-07-2021,0,0,0
Canada,23-07-2021,47336440,26790422,20542651
Canada,24-07-2021,47584543,26820829,20760272
Canada,25-07-2021,47782194,26844138,20934486
Canada,26-07-2021,48172678,26885744,21283069
Canada,27-07-2021,48450732,26922123,21524324
Canada,28-07-2021,0,0,0
Canada,29-07-2021,0,0,0
Canada,30-07-2021,49256190,27039724,22211140
Canada,31-07-2021,49421968,27062947,22353317
Canada,01-08-2021,49555035,27081547,22467542
Canada,02-08-2021,49647800,27093665,22547958
Canada,03-08-2021,0,0,0
Canada,04-08-2021,0,0,0
Canada,05-08-2021,0,0,0
Canada,06-08-2021,0,0,0
Canada,07-08-2021,0,0,0
Canada,08-08-2021,50709429,27271040,23429791
Canada,09-08-2021,50902117,27305780,23587497
Canada,10-08-2021,51038832,27331842,23697691
Canada,11-08-2021,51176311,27359719,23806855
Canada,12-08-2021,51328011,27391331,23926530
Canada,13-08-2021,51475146,27425264,24039193
Canada,14-08-2021,51588420,27447900,24129286
Canada,15-08-2021,51683657,27466060,24206001
Canada,16-08-2021,0,0,0
Canada,17-08-2021,0,0,0
Canada,18-08-2021,52115863,27558698,24544459
Canada,19-08-2021,52252319,27595125,24643951
Canada,20-08-2021,52378488,27630835,24733989
Canada,21-08-2021,0,0,0
Canada,22-08-2021,52551733,27673312,24863929
Canada,23-08-2021,52678495,27704579,24959180
Canada,24-08-2021,52794979,27736046,25043768
Canada,25-08-2021,0,0,0
Canada,26-08-2021,0,0,0
Canada,27-08-2021,53136347,27849454,25270307
Canada,28-08-2021,53213614,27873220,25323226
Canada,29-08-2021,53277180,27891320,25368206
Canada,30-08-2021,53407104,27936601,25452536
Canada,31-08-2021,0,0,0
Canada,01-09-2021,0,0,0
Canada,02-09-2021,0,0,0
Canada,03-09-2021,0,0,0
Canada,04-09-2021,0,0,0
Canada,05-09-2021,0,0,0
Canada,06-09-2021,53961661,28152233,25783831
Canada,07-09-2021,54074779,28198781,25849779
Canada,08-09-2021,54159344,28234566,25896960
Canada,09-09-2021,54256504,28276162,25950673
Canada,10-09-2021,0,0,0
Canada,11-09-2021,0,0,0
Canada,12-09-2021,0,0,0
Canada,13-09-2021,54584578,28409304,26139598
Canada,14-09-2021,54657956,28441864,26179215
Canada,15-09-2021,54742108,28478637,26225323
Canada,16-09-2021,54837435,28518612,26278861
Canada,17-09-2021,0,0,0
Canada,18-09-2021,0,0,0
Canada,19-09-2021,0,0,0
Canada,20-09-2021,0,0,0
Canada,21-09-2021,55358465,28730612,26530264
Canada,22-09-2021,55458422,28775538,26581633
Canada,23-09-2021,0,0,0
Canada,24-09-2021,55738067,28874551,26707272
Canada,25-09-2021,55809272,28899978,26751630
Canada,26-09-2021,0,0,0
Canada,27-09-2021,0,0,0
Canada,28-09-2021,0,0,0
Canada,29-09-2021,0,0,0
Canada,30-09-2021,56272937,29085567,27003167
Canada,01-10-2021,56370096,29116889,27058209
Canada,02-10-2021,56426963,29136226,27094445
Canada,03-10-2021,0,0,0
Canada,04-10-2021,0,0,0
Canada,05-10-2021,0,0,0
Canada,06-10-2021,0,0,0
Canada,07-10-2021,0,0,0
Canada,08-10-2021,0,0,0
Canada,09-10-2021,0,0,0
Canada,10-10-2021,0,0,0
Canada,11-10-2021,0,0,0
Canada,12-10-2021,0,0,0
Canada,13-10-2021,0,0,0
Canada,14-10-2021,0,0,0
Canada,15-10-2021,0,0,0
Canada,16-10-2021,0,0,0
Canada,17-10-2021,0,0,0
Canada,18-10-2021,0,0,0
Canada,19-10-2021,0,0,0
Canada,20-10-2021,0,0,0
Canada,21-10-2021,0,0,0
Canada,22-10-2021,0,0,0
India,15-01-2021,0,0,0
India,16-01-2021,191181,191181,0
India,17-01-2021,224301,224301,0
India,18-01-2021,454049,454049,0
India,19-01-2021,674835,674835,0
India,20-01-2021,806484,806484,0
India,21-01-2021,1043534,1043534,0
India,22-01-2021,1390592,1390592,0
India,23-01-2021,1582201,1582201,0
India,24-01-2021,1615504,1615504,0
India,25-01-2021,2023809,2023809,0
India,26-01-2021,2029480,2029480,0
India,27-01-2021,2355979,2355979,0
India,28-01-2021,2928053,2928053,0
India,29-01-2021,3500027,3500027,0
India,30-01-2021,3744334,3744334,0
India,31-01-2021,3758843,3758843,0
India,01-02-2021,3950156,3950156,0
India,02-02-2021,4138918,4138918,0
India,03-02-2021,4449552,4449552,0
India,04-02-2021,4959445,4959445,0
India,05-02-2021,5416849,5416849,0
India,06-02-2021,5775322,5775322,0
India,07-02-2021,5812362,5812362,0
India,08-02-2021,6259008,6259008,0
India,09-02-2021,6611561,6611561,0
India,10-02-2021,7017114,7017114,0
India,11-02-2021,7505010,7505010,0
India,12-02-2021,7967647,7967647,0
India,13-02-2021,8052454,8044786,7668
India,14-02-2021,0,0,0
India,15-02-2021,8516771,8418653,98118
India,16-02-2021,0,0,0
India,17-02-2021,9186757,8844641,342116
India,18-02-2021,9846523,9381591,464932
India,19-02-2021,0,0,0
India,20-02-2021,0,0,0
India,21-02-2021,11085173,10124531,960642
India,22-02-2021,0,0,0
India,23-02-2021,0,0,0
India,24-02-2021,12366633,10884879,1481754
India,25-02-2021,13067047,11206188,1860859
India,26-02-2021,0,0,0
India,27-02-2021,0,0,0
India,28-02-2021,14301266,11845075,2456191
India,01-03-2021,0,0,0
India,02-03-2021,0,0,0
India,03-03-2021,16616048,13739121,2876927
India,04-03-2021,0,0,0
India,05-03-2021,19497704,15996683,3501021
India,06-03-2021,20922344,17168303,3754041
India,07-03-2021,0,0,0
India,08-03-2021,0,0,0
India,09-03-2021,24367906,20004227,4363679
India,10-03-2021,25685011,21034481,4650530
India,11-03-2021,0,0,0
India,12-03-2021,0,0,0
India,13-03-2021,0,0,0
India,14-03-2021,0,0,0
India,15-03-2021,32947432,27079484,5867948
India,16-03-2021,0,0,0
India,17-03-2021,37143255,30600787,6542468
India,18-03-2021,39339817,32426230,6913587
India,19-03-2021,0,0,0
India,20-03-2021,0,0,0
India,21-03-2021,45065998,37574302,7491696
India,22-03-2021,48494594,40631153,7863441
India,23-03-2021,0,0,0
India,24-03-2021,0,0,0
India,25-03-2021,55504440,47001472,8502968
India,26-03-2021,58109773,49426618,8683155
India,27-03-2021,60269782,51441436,8828346
India,28-03-2021,0,0,0
India,29-03-2021,0,0,0
India,30-03-2021,0,0,0
India,31-03-2021,0,0,0
India,01-04-2021,0,0,0
India,02-04-2021,73054295,63081589,9972706
India,03-04-2021,75979651,65739470,10240181
India,04-04-2021,79105163,68678838,10426325
India,05-04-2021,83110926,72277309,10833617
India,06-04-2021,0,0,0
India,07-04-2021,0,0,0
India,08-04-2021,94334262,82456522,11877740
India,09-04-2021,98075160,85763852,12311308
India,10-04-2021,0,0,0
India,11-04-2021,0,0,0
India,12-04-2021,108533085,95043039,13490046
India,13-04-2021,0,0,0
India,14-04-2021,0,0,0
India,15-04-2021,0,0,0
India,16-04-2021,0,0,0
India,17-04-2021,122622590,106431076,16191514
India,18-04-2021,0,0,0
India,19-04-2021,127129113,109659181,17469932
India,20-04-2021,0,0,0
India,21-04-2021,129646105,111673361,17972744
India,22-04-2021,132754608,113584269,19170339
India,23-04-2021,0,0,0
India,24-04-2021,0,0,0
India,25-04-2021,139185173,117795008,21390165
India,26-04-2021,0,0,0
India,27-04-2021,0,0,0
India,28-04-2021,0,0,0
India,29-04-2021,0,0,0
India,30-04-2021,0,0,0
India,01-05-2021,153626325,126328970,27297355
India,02-05-2021,154211511,126704151,27507360
India,03-05-2021,156082136,127696675,28385461
India,04-05-2021,157750752,128627919,29122833
India,05-05-2021,0,0,0
India,06-05-2021,0,0,0
India,07-05-2021,165190000,132294827,32895173
India,08-05-2021,0,0,0
India,09-05-2021,168304868,133854676,34450192
India,10-05-2021,0,0,0
India,11-05-2021,0,0,0
India,12-05-2021,176045577,137805245,38240332
India,13-05-2021,178361846,139087590,39274256
India,14-05-2021,179646413,139861462,39784951
India,15-05-2021,0,0,0
India,16-05-2021,0,0,0
India,17-05-2021,0,0,0
India,18-05-2021,185191602,144270200,40921402
India,19-05-2021,186410600,145333606,41076994
India,20-05-2021,187886885,146624652,41262233
India,21-05-2021,0,0,0
India,22-05-2021,190842497,149219616,41622881
India,23-05-2021,191719240,150033188,41686052
India,24-05-2021,0,0,0
India,25-05-2021,0,0,0
India,26-05-2021,0,0,0
India,27-05-2021,0,0,0
India,28-05-2021,0,0,0
India,29-05-2021,0,0,0
India,30-05-2021,0,0,0
India,31-05-2021,0,0,0
India,01-06-2021,0,0,0
India,02-06-2021,0,0,0
India,03-06-2021,0,0,0
India,04-06-2021,223607768,179172948,44434820
India,05-06-2021,225571144,180972102,44599042
India,06-06-2021,228041045,183275704,44765341
India,07-06-2021,0,0,0
India,08-06-2021,0,0,0
India,09-06-2021,236856505,191222380,45634125
India,10-06-2021,240281903,194325996,45955907
India,11-06-2021,0,0,0
India,12-06-2021,0,0,0
India,13-06-2021,0,0,0
India,14-06-2021,0,0,0
India,15-06-2021,0,0,0
India,16-06-2021,0,0,0
India,17-06-2021,262970250,214553189,48417061
India,18-06-2021,266355940,217542993,48812947
India,19-06-2021,270908312,221493259,49415053
India,20-06-2021,274286599,224541283,49745316
India,21-06-2021,0,0,0
India,22-06-2021,0,0,0
India,23-06-2021,0,0,0
India,24-06-2021,300054027,247652194,52401833
India,25-06-2021,306661528,253359907,53301621
India,26-06-2021,314841384,260253182,54588202
India,27-06-2021,0,0,0
India,28-06-2021,0,0,0
India,29-06-2021,327423913,270178001,57245912
India,30-06-2021,0,0,0
India,01-07-2021,0,0,0
India,02-07-2021,335671794,276339011,59332783
India,03-07-2021,344300590,282231365,62069225
India,04-07-2021,0,0,0
India,05-07-2021,0,0,0
India,06-07-2021,354307646,288782557,65525089
India,07-07-2021,358070763,291184757,66886006
India,08-07-2021,368991222,298678913,70312309
India,09-07-2021,0,0,0
India,10-07-2021,376032586,303171498,72861088
India,11-07-2021,377352501,304018852,73333649
India,12-07-2021,381467646,306612781,74854865
India,13-07-2021,0,0,0
India,14-07-2021,0,0,0
India,15-07-2021,395343767,316116189,79227578
India,16-07-2021,399695879,318665226,81030653
India,17-07-2021,404931715,321893762,83037953
India,18-07-2021,0,0,0
India,19-07-2021,411846401,326392783,85453618
India,20-07-2021,415472455,328716212,86756243
India,21-07-2021,417851151,330259212,87591939
India,22-07-2021,0,0,0
India,23-07-2021,0,0,0
India,24-07-2021,0,0,0
India,25-07-2021,435196001,341802707,93393294
India,26-07-2021,0,0,0
India,27-07-2021,446156659,349324061,96832598
India,28-07-2021,450706257,352545271,98160986
India,29-07-2021,0,0,0
India,30-07-2021,0,0,0
India,31-07-2021,0,0,0
India,01-08-2021,472223639,367994586,104229053
India,02-08-2021,0,0,0
India,03-08-2021,485286570,378090597,107195973
India,04-08-2021,489342295,381126275,108216020
India,05-08-2021,0,0,0
India,06-08-2021,0,0,0
India,07-08-2021,0,0,0
India,08-08-2021,0,0,0
India,09-08-2021,514500268,400158057,114342211
India,10-08-2021,0,0,0
India,11-08-2021,0,0,0
India,12-08-2021,0,0,0
India,13-08-2021,536189903,416846115,119343788
India,14-08-2021,543846290,422575401,121270889
India,15-08-2021,0,0,0
India,16-08-2021,550520038,428681772,121838266
India,17-08-2021,556520316,433454974,123065342
India,18-08-2021,562151515,437698591,124452924
India,19-08-2021,0,0,0
India,20-08-2021,0,0,0
India,21-08-2021,576365820,448292884,128072936
India,22-08-2021,580771824,451186857,129584967
India,23-08-2021,0,0,0
India,24-08-2021,0,0,0
India,25-08-2021,0,0,0
India,26-08-2021,0,0,0
India,27-08-2021,615540527,476059071,139481456
India,28-08-2021,0,0,0
India,29-08-2021,0,0,0
India,30-08-2021,639305611,493077195,146228416
India,31-08-2021,0,0,0
India,01-09-2021,0,0,0
India,02-09-2021,0,0,0
India,03-09-2021,0,0,0
India,04-09-2021,0,0,0
India,05-09-2021,5608799,5508790,100009
India,06-09-2021,8907061,8800060,107001
India,07-09-2021,0,0,0
India,08-09-2021,8809090,8709090,100000
India,09-09-2021,0,0,0
India,10-09-2021,0,0,0
India,11-09-2021,7690865,7590860,100005
India,12-09-2021,0,0,0
India,13-09-2021,8999675,8900005,99670
India,14-09-2021,7650755,7600005,50750
India,15-09-2021,0,0,0
India,16-09-2021,0,0,0
India,17-09-2021,8956753,8900003,56750
India,18-09-2021,0,0,0
India,19-09-2021,8870954,8670950,200004
India,20-09-2021,0,0,0
India,21-09-2021,0,0,0
India,22-09-2021,7896454,7700000,196454
India,23-09-2021,0,0,0
India,24-09-2021,0,0,0
India,25-09-2021,0,0,0
India,26-09-2021,0,0,0
India,27-09-2021,9845065,9700065,145000
India,28-09-2021,7890564,7800504,90060
India,29-09-2021,8740765,8700060,40705
India,30-09-2021,0,0,0
India,01-10-2021,0,0,0
India,02-10-2021,8906734,8900704,6030
India,03-10-2021,7869050,7800050,69000
India,04-10-2021,0,0,0
India,05-10-2021,0,0,0
India,06-10-2021,7689045,7600045,89000
India,07-10-2021,4598706,4500705,98001
India,08-10-2021,0,0,0
India,09-10-2021,0,0,0
India,10-10-2021,0,0,0
India,11-10-2021,0,0,0
India,12-10-2021,0,0,0
India,13-10-2021,0,0,0
India,14-10-2021,0,0,0
India,15-10-2021,2457002,2450002,57000
India,16-10-2021,0,0,0
India,17-10-2021,0,0,0
India,18-10-2021,1947680,1900080,476000
India,19-10-2021,0,0,0
India,20-10-2021,0,0,0
India,21-10-2021,0,0,0
India,22-10-2021,0,0,0
United States,20-12-2020,556208,556208,0
United States,21-12-2020,614117,614117,0
United States,22-12-2020,0,0,0
United States,23-12-2020,1008025,1008025,0
United States,24-12-2020,0,0,0
United States,25-12-2020,0,0,0
United States,26-12-2020,1944585,1944585,0
United States,27-12-2020,0,0,0
United States,28-12-2020,2127143,2127143,0
United States,29-12-2020,0,0,0
United States,30-12-2020,2794588,2794588,0
United States,31-12-2020,0,0,0
United States,01-01-2021,0,0,0
United States,02-01-2021,4225756,4225756,0
United States,03-01-2021,0,0,0
United States,04-01-2021,4563260,4563260,0
United States,05-01-2021,4836469,4836469,0
United States,06-01-2021,5306797,5306797,0
United States,07-01-2021,5919418,5919418,0
United States,08-01-2021,6688231,6688231,0
United States,09-01-2021,0,0,0
United States,10-01-2021,0,0,0
United States,11-01-2021,8987322,8987322,0
United States,12-01-2021,9327138,9327138,0
United States,13-01-2021,10278462,0,0
United States,14-01-2021,11148991,9690757,1342086
United States,15-01-2021,12279180,10595866,1610524
United States,16-01-2021,0,0,0
United States,17-01-2021,0,0,0
United States,18-01-2021,0,0,0
United States,19-01-2021,15707588,13595803,2023124
United States,20-01-2021,16525281,14270441,2161419
United States,21-01-2021,17546374,15053257,2394961
United States,22-01-2021,19107959,16243093,2756953
United States,23-01-2021,20537990,17390345,3027865
United States,24-01-2021,21848655,18502131,3216836
United States,25-01-2021,22734243,19252279,3346390
United States,26-01-2021,23540994,19902237,3481921
United States,27-01-2021,24652634,20687970,3801053
United States,28-01-2021,0,0,0
United States,29-01-2021,0,0,0
United States,30-01-2021,0,0,0
United States,31-01-2021,0,0,0
United States,01-02-2021,0,0,0
United States,02-02-2021,0,0,0
United States,03-02-2021,0,0,0
United States,04-02-2021,35203710,27905197,6926050
United States,05-02-2021,36819212,28909497,7503864
United States,06-02-2021,39037964,30250964,8317180
United States,07-02-2021,41210937,31579100,9147185
United States,08-02-2021,0,0,0
United States,09-02-2021,0,0,0
United States,10-02-2021,0,0,0
United States,11-02-2021,0,0,0
United States,12-02-2021,0,0,0
United States,13-02-2021,0,0,0
United States,14-02-2021,52884356,38292270,14077440
United States,15-02-2021,0,0,0
United States,16-02-2021,55220364,39670551,15015434
United States,17-02-2021,56281827,40268009,15471536
United States,18-02-2021,57737767,41021049,16162358
United States,19-02-2021,0,0,0
United States,20-02-2021,0,0,0
United States,21-02-2021,0,0,0
United States,22-02-2021,64177474,44138118,19438495
United States,23-02-2021,65032083,44544969,19882544
United States,24-02-2021,66464947,45237143,20607261
United States,25-02-2021,68274117,46074392,21555117
United States,26-02-2021,70454064,47184199,22613359
United States,27-02-2021,72806180,48435536,23698627
United States,28-02-2021,75236003,49772180,24779920
United States,01-03-2021,76899987,50732997,25466405
United States,02-03-2021,78631601,51755447,26162122
United States,03-03-2021,80540474,52855579,26957804
United States,07-04-2021,0,0,0
United States,08-04-2021,0,0,0
United States,09-04-2021,0,0,0
United States,10-04-2021,183467709,117142879,70692645
United States,11-04-2021,0,0,0
United States,12-04-2021,0,0,0
United States,13-04-2021,0,0,0
United States,14-04-2021,0,0,0
United States,15-04-2021,0,0,0
United States,16-04-2021,0,0,0
United States,17-04-2021,205871913,129494179,82471151
United States,18-04-2021,0,0,0
United States,19-04-2021,0,0,0
United States,20-04-2021,0,0,0
United States,21-04-2021,215951909,134445595,87592646
United States,22-04-2021,218947643,135791031,89245776
United States,23-04-2021,222322230,137234889,91175995
United States,24-04-2021,0,0,0
United States,25-04-2021,0,0,0
United States,26-04-2021,0,0,0
United States,27-04-2021,232407669,141751857,96747454
United States,28-04-2021,234639414,142692987,98044421
United States,29-04-2021,237360493,143793565,99668945
United States,30-04-2021,240159677,144894586,101407318
United States,01-05-2021,0,0,0
United States,02-05-2021,0,0,0
United States,03-05-2021,246780203,147517734,105523520
United States,04-05-2021,247769049,147894671,106168588
United States,05-05-2021,0,0,0
United States,06-05-2021,251973752,149462265,108926627
United States,07-05-2021,254779333,150416559,110874920
United States,08-05-2021,0,0,0
United States,09-05-2021,0,0,0
United States,10-05-2021,0,0,0
United States,11-05-2021,263132561,153448316,116576359
United States,12-05-2021,264680844,153986312,117647439
United States,13-05-2021,266596486,154624231,118987308
United States,14-05-2021,268438666,155251852,120258637
United States,15-05-2021,0,0,0
United States,16-05-2021,0,0,0
United States,17-05-2021,274411901,157827208,123828224
United States,18-05-2021,275535207,158365411,124455693
United States,19-05-2021,0,0,0
United States,20-05-2021,0,0,0
United States,21-05-2021,281595351,161278336,127778250
United States,22-05-2021,283941223,162470794,129006463
United States,23-05-2021,0,0,0
United States,24-05-2021,0,0,0
United States,25-05-2021,0,0,0
United States,26-05-2021,0,0,0
United States,27-05-2021,290724607,165718717,132769894
United States,28-05-2021,292099778,166388129,133532544
United States,29-05-2021,293705050,167157043,134418748
United States,30-05-2021,294928850,167733972,135087319
United States,31-05-2021,0,0,0
United States,01-06-2021,296404240,168489729,135867425
United States,02-06-2021,296912892,168734435,136155250
United States,03-06-2021,297720928,169090262,136644618
United States,04-06-2021,0,0,0
United States,05-06-2021,0,0,0
United States,06-06-2021,301638578,170833221,138969323
United States,07-06-2021,302851917,171310738,139748661
United States,08-06-2021,303923667,171731584,140441957
United States,09-06-2021,304753476,172054276,140980110
United States,10-06-2021,0,0,0
United States,11-06-2021,0,0,0
United States,12-06-2021,0,0,0
United States,13-06-2021,0,0,0
United States,14-06-2021,310645827,174234573,144919339
United States,15-06-2021,311886674,174674144,145768367
United States,16-06-2021,312915170,175053401,146456124
United States,17-06-2021,0,0,0
United States,18-06-2021,0,0,0
United States,19-06-2021,317117797,176737141,149125164
United States,20-06-2021,317966408,177088290,149667646
United States,21-06-2021,318576441,177342954,150046006
United States,22-06-2021,0,0,0
United States,23-06-2021,0,0,0
United States,24-06-2021,0,0,0
United States,25-06-2021,321199379,178491147,151615554
United States,26-06-2021,322123103,178873816,152184243
United States,27-06-2021,0,0,0
United States,28-06-2021,0,0,0
United States,29-06-2021,325152847,179940202,154199664
United States,30-06-2021,326521526,180674739,154884686
United States,01-07-2021,0,0,0
United States,02-07-2021,0,0,0
United States,03-07-2021,329970551,182109860,156982549
United States,04-07-2021,330604253,182412776,157323738
United States,05-07-2021,0,0,0
United States,06-07-2021,331214347,182714064,157636088
United States,07-07-2021,331651464,182896080,157908171
United States,08-07-2021,0,0,0
United States,09-07-2021,0,0,0
United States,10-07-2021,0,0,0
United States,11-07-2021,334151648,184132768,159266536
United States,12-07-2021,334600770,184365333,159499224
United States,13-07-2021,0,0,0
United States,14-07-2021,0,0,0
United States,15-07-2021,336054953,185135757,160408538
United States,16-07-2021,336604158,185424899,160686378
United States,17-07-2021,337239448,185765452,160994035
United States,18-07-2021,0,0,0
United States,19-07-2021,0,0,0
United States,20-07-2021,0,0,0
United States,21-07-2021,339102867,186819440,161895045
United States,22-07-2021,339763765,187216168,162174165
United States,23-07-2021,340363922,187579557,162435276
United States,24-07-2021,341039972,187982826,162725812
United States,25-07-2021,0,0,0
United States,26-07-2021,0,0,0
United States,27-07-2021,0,0,0
United States,28-07-2021,343361524,189494180,163588042
United States,29-07-2021,344071595,189945907,163868916
United States,30-07-2021,344928514,190509183,164184080
United States,31-07-2021,0,0,0
United States,01-08-2021,0,0,0
United States,02-08-2021,346924345,191818585,164919666
United States,03-08-2021,347377149,192120576,165081416
United States,04-08-2021,348102478,192614017,165334987
United States,05-08-2021,0,0,0
United States,06-08-2021,0,0,0
United States,07-08-2021,350627188,194346486,166203176
United States,08-08-2021,351400930,194866738,166477481
United States,09-08-2021,0,0,0
United States,10-08-2021,0,0,0
United States,11-08-2021,0,0,0
United States,12-08-2021,353859894,196505543,167354729
United States,13-08-2021,354777950,197081471,167699170
United States,14-08-2021,0,0,0
United States,15-08-2021,0,0,0
United States,16-08-2021,357292057,198595349,168689357
United States,17-08-2021,0,0,0
United States,18-08-2021,0,0,0
United States,19-08-2021,0,0,0
United States,20-08-2021,360634287,200421787,169998983
United States,21-08-2021,361684564,200947556,170406785
United States,22-08-2021,0,0,0
United States,23-08-2021,0,0,0
United States,24-08-2021,0,0,0
United States,25-08-2021,364842701,202500853,171773370
United States,26-08-2021,365767674,202961676,172171009
United States,27-08-2021,0,0,0
United States,28-08-2021,0,0,0
United States,29-08-2021,0,0,0
United States,30-08-2021,0,0,0
United States,31-08-2021,474447,4654,36336
United States,01-09-2021,0,0,0
United States,02-09-2021,0,0,0
United States,03-09-2021,436346,34634,34363
United States,04-09-2021,456457,34634,3463
United States,05-09-2021,0,0,0
United States,06-09-2021,0,0,0
United States,07-09-2021,658097,650000,8097
United States,08-09-2021,456474,454574,457477
United States,09-09-2021,0,0,0
United States,10-09-2021,0,0,0
United States,11-09-2021,657554,4564456,456464
United States,12-09-2021,4636436,464643,54754
United States,13-09-2021,0,0,0
United States,14-09-2021,0,0,0
United States,15-09-2021,0,0,0
United States,16-09-2021,4744774,4747457,54574
United States,17-09-2021,457644,457747,4577
United States,18-09-2021,5474744,547445,45767
United States,19-09-2021,0,0,0
United States,20-09-2021,0,0,0
United States,21-09-2021,0,0,0
United States,22-09-2021,768966,68655,45647
United States,23-09-2021,867655,45747,457454
United States,24-09-2021,0,0,0
United States,25-09-2021,0,0,0
United States,26-09-2021,0,0,0
United States,27-09-2021,4577457,4547457,457545
United States,28-09-2021,0,0,0
United States,29-09-2021,4454474,54744,475774
United States,30-09-2021,6585854,454477,54744
United States,01-10-2021,678654,646796,67865
United States,02-10-2021,0,0,0
United States,03-10-2021,0,0,0
United States,04-10-2021,0,0,0
United States,05-10-2021,0,0,0
United States,06-10-2021,567754,557704,100050
United States,07-10-2021,0,0,0
United States,08-10-2021,0,0,0
United States,09-10-2021,567876,557876,10000
United States,10-10-2021,0,0,0
United States,11-10-2021,0,0,0
United States,12-10-2021,6765434,6700000,65434
United States,13-10-2021,4645747,4005707,640040
United States,14-10-2021,0,0,0
United States,15-10-2021,0,0,0
United States,16-10-2021,0,0,0
United States,17-10-2021,167087,107080,60007
United States,18-10-2021,0,0,0
United States,19-10-2021,0,0,0
United States,20-10-2021,0,0,0
United States,21-10-2021,0,0,0
United States,22-10-2021,0,0,0
Russia,15-12-2020,28500,28500,0
Russia,16-12-2020,0,0,0
Russia,17-12-2020,0,0,0
Russia,18-12-2020,0,0,0
Russia,19-12-2020,0,0,0
Russia,20-12-2020,0,0,0
Russia,21-12-2020,0,0,0
Russia,22-12-2020,52000,52000,0
Russia,23-12-2020,0,0,0
Russia,24-12-2020,0,0,0
Russia,25-12-2020,0,0,0
Russia,26-12-2020,0,0,0
Russia,27-12-2020,0,0,0
Russia,28-12-2020,0,0,0
Russia,29-12-2020,0,0,0
Russia,30-12-2020,0,0,0
Russia,31-12-2020,0,0,0
Russia,01-01-2021,0,0,0
Russia,02-01-2021,800000,800000,0
Russia,03-01-2021,0,0,0
Russia,04-01-2021,0,0,0
Russia,05-01-2021,0,0,0
Russia,06-01-2021,0,0,0
Russia,07-01-2021,0,0,0
Russia,08-01-2021,0,0,0
Russia,09-01-2021,0,0,0
Russia,10-01-2021,0,0,0
Russia,11-01-2021,0,0,0
Russia,12-01-2021,0,0,0
Russia,13-01-2021,1000000,1000000,0
Russia,14-01-2021,0,0,0
Russia,15-01-2021,0,0,0
Russia,16-01-2021,0,0,0
Russia,17-01-2021,0,0,0
Russia,18-01-2021,0,0,0
Russia,19-01-2021,0,0,0
Russia,20-01-2021,0,0,0
Russia,21-01-2021,0,0,0
Russia,22-01-2021,0,0,0
Russia,23-01-2021,0,0,0
Russia,24-01-2021,0,0,0
Russia,25-01-2021,0,0,0
Russia,26-01-2021,0,0,0
Russia,27-01-2021,0,0,0
Russia,28-01-2021,0,0,0
Russia,29-01-2021,0,0,0
Russia,30-01-2021,0,0,0
Russia,31-01-2021,0,0,0
Russia,01-02-2021,0,0,0
Russia,02-02-2021,0,0,0
Russia,03-02-2021,0,0,0
Russia,04-02-2021,0,0,0
Russia,05-02-2021,0,0,0
Russia,06-02-2021,0,0,0
Russia,07-02-2021,0,0,0
Russia,08-02-2021,0,0,0
Russia,09-02-2021,0,0,0
Russia,10-02-2021,0,0,0
Russia,11-02-2021,0,0,0
Russia,12-02-2021,0,0,0
Russia,13-02-2021,0,0,0
Russia,14-02-2021,0,0,0
Russia,15-02-2021,0,0,0
Russia,16-02-2021,0,0,0
Russia,17-02-2021,0,0,0
Russia,18-02-2021,0,0,0
Russia,19-02-2021,0,0,0
Russia,20-02-2021,0,0,0
Russia,21-02-2021,0,0,0
Russia,22-02-2021,0,0,0
Russia,23-02-2021,0,0,0
Russia,24-02-2021,0,0,0
Russia,25-02-2021,0,0,0
Russia,26-02-2021,0,0,0
Russia,27-02-2021,0,0,0
Russia,28-02-2021,0,0,0
Russia,01-03-2021,0,0,0
Russia,02-03-2021,5249831,4158334,1091497
Russia,03-03-2021,5489342,4287423,1201919
Russia,04-03-2021,0,0,0
Russia,05-03-2021,0,0,0
Russia,06-03-2021,6583873,5082127,1501746
Russia,07-03-2021,6655487,5128138,1527349
Russia,08-03-2021,0,0,0
Russia,09-03-2021,0,0,0
Russia,10-03-2021,7048129,5272651,1775478
Russia,11-03-2021,7273933,5366009,1907924
Russia,12-03-2021,0,0,0
Russia,13-03-2021,0,0,0
Russia,14-03-2021,0,0,0
Russia,15-03-2021,0,0,0
Russia,16-03-2021,0,0,0
Russia,17-03-2021,7818009,5379359,2438650
Russia,18-03-2021,7909438,5431048,2478390
Russia,19-03-2021,0,0,0
Russia,20-03-2021,8306498,5595893,2710605
Russia,21-03-2021,8362575,5611139,2751436
Russia,22-03-2021,0,0,0
Russia,23-03-2021,0,0,0
Russia,24-03-2021,0,0,0
Russia,25-03-2021,0,0,0
Russia,26-03-2021,0,0,0
Russia,27-03-2021,0,0,0
Russia,28-03-2021,0,0,0
Russia,29-03-2021,11124350,6846664,4277686
Russia,30-03-2021,11183108,6886259,4296849
Russia,31-03-2021,0,0,0
Russia,01-04-2021,0,0,0
Russia,02-04-2021,11779295,7247479,4531816
Russia,03-04-2021,12038859,7445035,4593824
Russia,04-04-2021,0,0,0
Russia,05-04-2021,12215342,7576640,4638702
Russia,06-04-2021,12474954,7753876,4721078
Russia,07-04-2021,0,0,0
Russia,08-04-2021,0,0,0
Russia,09-04-2021,0,0,0
Russia,10-04-2021,13977397,8575951,5401446
Russia,11-04-2021,14108341,8692848,5415493
Russia,12-04-2021,0,0,0
Russia,13-04-2021,14583881,9037705,5546176
Russia,14-04-2021,14967802,9343939,5623863
Russia,15-04-2021,0,0,0
Russia,16-04-2021,0,0,0
Russia,17-04-2021,0,0,0
Russia,18-04-2021,16167151,10019885,6147266
Russia,19-04-2021,0,0,0
Russia,20-04-2021,0,0,0
Russia,21-04-2021,16821267,10520393,6300874
Russia,22-04-2021,17218313,10787419,6430894
Russia,23-04-2021,0,0,0
Russia,24-04-2021,0,0,0
Russia,25-04-2021,18152707,11362893,6789814
Russia,26-04-2021,18315316,11445394,6869922
Russia,27-04-2021,0,0,0
Russia,28-04-2021,0,0,0
Russia,29-04-2021,0,0,0
Russia,30-04-2021,19834392,12299770,7534622
Russia,01-05-2021,19934399,12377978,7556421
Russia,02-05-2021,20070743,12431003,7639740
Russia,03-05-2021,20110554,12449156,7661398
Russia,04-05-2021,0,0,0
Russia,05-05-2021,0,0,0
Russia,06-05-2021,0,0,0
Russia,07-05-2021,21296747,12940465,8356282
Russia,08-05-2021,21597074,13056228,8540846
Russia,09-05-2021,0,0,0
Russia,10-05-2021,21786131,13165465,8620666
Russia,11-05-2021,21844382,13205698,8638684
Russia,12-05-2021,22575945,13566658,9009287
Russia,13-05-2021,0,0,0
Russia,14-05-2021,0,0,0
Russia,15-05-2021,0,0,0
Russia,16-05-2021,0,0,0
Russia,17-05-2021,24087535,14361832,9725703
Russia,18-05-2021,24519227,14592957,9926270
Russia,19-05-2021,0,0,0
Russia,20-05-2021,0,0,0
Russia,21-05-2021,25468057,15031015,10437042
Russia,22-05-2021,0,0,0
Russia,23-05-2021,0,0,0
Russia,24-05-2021,0,0,0
Russia,25-05-2021,0,0,0
Russia,26-05-2021,27611859,16159658,11452201
Russia,27-05-2021,27739956,16225813,11514143
Russia,28-05-2021,28112894,16331436,11781458
Russia,29-05-2021,28365082,16470154,11894928
Russia,30-05-2021,0,0,0
Russia,31-05-2021,0,0,0
Russia,01-06-2021,0,0,0
Russia,02-06-2021,29792970,16995885,12797085
Russia,03-06-2021,30001530,17136365,12865165
Russia,04-06-2021,30501660,17426711,13074949
Russia,05-06-2021,0,0,0
Russia,06-06-2021,0,0,0
Russia,07-06-2021,0,0,0
Russia,08-06-2021,31295788,17782159,13513629
Russia,09-06-2021,31605719,17954601,13651118
Russia,10-06-2021,0,0,0
Russia,11-06-2021,0,0,0
Russia,12-06-2021,0,0,0
Russia,13-06-2021,32831196,18514644,14316552
Russia,14-06-2021,32865706,18533629,14332077
Russia,15-06-2021,32907158,18550270,14356888
Russia,16-06-2021,0,0,0
Russia,17-06-2021,0,0,0
Russia,18-06-2021,0,0,0
Russia,19-06-2021,34768902,19558487,15210415
Russia,20-06-2021,34901304,19657314,15243990
Russia,21-06-2021,0,0,0
Russia,22-06-2021,35983165,20345332,15637833
Russia,23-06-2021,36044137,20390788,15653349
Russia,24-06-2021,0,0,0
Russia,25-06-2021,0,0,0
Russia,26-06-2021,38098213,21461833,16636380
Russia,27-06-2021,38440164,21614318,16825846
Russia,28-06-2021,0,0,0
Russia,29-06-2021,0,0,0
Russia,30-06-2021,40027944,22691596,17336348
Russia,01-07-2021,40875355,23352344,17523011
Russia,02-07-2021,41821794,24221641,17600153
Russia,03-07-2021,0,0,0
Russia,04-07-2021,0,0,0
Russia,05-07-2021,0,0,0
Russia,06-07-2021,44317901,26086927,18230974
Russia,07-07-2021,45061139,26676560,18384579
Russia,08-07-2021,45570931,27056132,18514799
Russia,09-07-2021,0,0,0
Russia,10-07-2021,0,0,0
Russia,11-07-2021,0,0,0
Russia,12-07-2021,47809152,28738206,19070946
Russia,13-07-2021,48693756,29428872,19264884
Russia,14-07-2021,49757693,30101051,19656642
Russia,15-07-2021,0,0,0
Russia,16-07-2021,0,0,0
Russia,17-07-2021,52471287,31874482,20596805
Russia,18-07-2021,52782888,32086928,20695960
Russia,19-07-2021,0,0,0
Russia,20-07-2021,0,0,0
Russia,21-07-2021,55278232,33485064,21793168
Russia,22-07-2021,55829776,33840825,21988951
Russia,23-07-2021,0,0,0
Russia,24-07-2021,0,0,0
Russia,25-07-2021,0,0,0
Russia,26-07-2021,0,0,0
Russia,27-07-2021,58627941,35277439,23350502
Russia,28-07-2021,59222211,35565564,23656647
Russia,29-07-2021,0,0,0
Russia,30-07-2021,0,0,0
Russia,31-07-2021,0,0,0
Russia,01-08-2021,62225609,36759116,25466493
Russia,02-08-2021,62369448,36816173,25553275
Russia,03-08-2021,63106022,37159913,25946109
Russia,04-08-2021,0,0,0
Russia,05-08-2021,0,0,0
Russia,06-08-2021,0,0,0
Russia,07-08-2021,65886173,38390923,27495250
Russia,08-08-2021,66245526,38591963,27653563
Russia,09-08-2021,0,0,0
Russia,10-08-2021,67340478,38955619,28384859
Russia,11-08-2021,68010094,39355337,28654757
Russia,12-08-2021,0,0,0
Russia,13-08-2021,0,0,0
Russia,14-08-2021,0,0,0
Russia,15-08-2021,73164150,40731280,32432870
Russia,16-08-2021,73509691,40915730,32593961
Russia,17-08-2021,74000654,41108366,32892288
Russia,18-08-2021,0,0,0
Russia,19-08-2021,0,0,0
Russia,20-08-2021,75677887,41822606,33855281
Russia,21-08-2021,0,0,0
Russia,22-08-2021,0,0,0
Russia,23-08-2021,0,0,0
Russia,24-08-2021,77577311,42595754,34981557
Russia,25-08-2021,78053353,42821588,35231765
Russia,26-08-2021,0,0,0
Russia,27-08-2021,79130258,43270004,35860254
Russia,28-08-2021,79493362,43438051,36055311
Russia,29-08-2021,0,0,0
Russia,30-08-2021,0,0,0
Russia,31-08-2021,0,0,0
Russia,01-09-2021,81226019,43967990,37258029
Russia,02-09-2021,81609406,44148776,37460630
Russia,03-09-2021,82319804,44302410,38017394
Russia,04-09-2021,82550749,44418648,38132101
Russia,05-09-2021,0,0,0
Russia,06-09-2021,0,0,0
Russia,07-09-2021,83633913,44857289,38776624
Russia,08-09-2021,83818838,44912606,38906232
Russia,09-09-2021,0,0,0
Russia,10-09-2021,0,0,0
Russia,11-09-2021,85117353,45527817,39589536
Russia,12-09-2021,85282445,45598793,39683652
Russia,13-09-2021,85977322,46149116,39828206
Russia,14-09-2021,0,0,0
Russia,15-09-2021,0,0,0
Russia,16-09-2021,86956254,46600781,40355473
Russia,17-09-2021,87267626,46745074,40522552
Russia,18-09-2021,0,0,0
Russia,19-09-2021,87736626,46811516,40925110
Russia,20-09-2021,0,0,0
Russia,21-09-2021,88138610,47092891,41045719
Russia,22-09-2021,88567925,47285157,41282768
Russia,23-09-2021,0,0,0
Russia,24-09-2021,89028383,47468729,41559654
Russia,25-09-2021,89204756,47547409,41657347
Russia,26-09-2021,89301130,47594992,41706138
Russia,27-09-2021,0,0,0
Russia,28-09-2021,0,0,0
Russia,29-09-2021,0,0,0
Russia,30-09-2021,0,0,0
Russia,01-10-2021,0,0,0
Russia,02-10-2021,0,0,0
Russia,03-10-2021,0,0,0
Russia,04-10-2021,0,0,0
Russia,05-10-2021,0,0,0
Russia,06-10-2021,92192697,48891249,43301448
Russia,07-10-2021,93888467,49137773,44750694
Russia,08-10-2021,94115234,49235850,44879384
Russia,09-10-2021,94289464,49353510,44935954
Russia,10-10-2021,94491689,49463056,45028633
Russia,11-10-2021,94671192,49571462,45099730
Russia,12-10-2021,0,0,0
Russia,13-10-2021,0,0,0
Russia,14-10-2021,0,0,0
Russia,15-10-2021,95885492,50182928,45702564
Russia,16-10-2021,0,0,0
Russia,17-10-2021,0,0,0
Russia,18-10-2021,0,0,0
Russia,19-10-2021,0,0,0
Russia,20-10-2021,99382776,51965705,47417071
Russia,21-10-2021,0,0,0
Russia,22-10-2021,0,0,0
